<?xml version="1.0" encoding="utf-8"?>
<!--
  © 2014-2016 Akretion (http://www.akretion.com/)
  @author Alexis de Lattre <alexis.delattre@akretion.com>
  License AGPL-3.0 or later (http://www.gnu.org/licenses/agpl).
-->


<odoo noupdate="1">

<record id="rent_product_product_6" model="product.product">
    <field name="name">Rental of one iPad Mini</field>
    <field name="default_code">RENT-A1232</field>
    <field name="categ_id" ref="product.product_category_5"/>
    <field name="sale_ok" eval="True"/>
    <field name="list_price">5</field>
    <field name="type">service</field>
    <field name="uom_id" ref="product.product_uom_day"/>
    <field name="uom_po_id" ref="product.product_uom_day"/>
    <field name="must_have_dates" eval="True"/>
    <field name="rented_product_id" ref="product.product_product_6"/>
</record>

<record id="rent_product_product_8" model="product.product">
    <field name="name">Rental of one iMac</field>
    <field name="default_code">RENT-A1090</field>
    <field name="categ_id" ref="product.product_category_5"/>
    <field name="sale_ok" eval="True"/>
    <field name="list_price">4</field>
    <field name="type">service</field>
    <field name="uom_id" ref="product.product_uom_day"/>
    <field name="uom_po_id" ref="product.product_uom_day"/>
    <field name="must_have_dates" eval="True"/>
    <field name="rented_product_id" ref="product.product_product_8"/>
</record>

<record id="rent_product_product_25" model="product.product">
    <field name="name">Rental of one Laptop E5023</field>
    <field name="default_code">RENT-LAP-E5</field>
    <field name="categ_id" ref="product.product_category_5"/>
    <field name="sale_ok" eval="True"/>
    <field name="list_price">6</field>
    <field name="type">service</field>
    <field name="uom_id" ref="product.product_uom_day"/>
    <field name="uom_po_id" ref="product.product_uom_day"/>
    <field name="must_have_dates" eval="True"/>
    <field name="rented_product_id" ref="product.product_product_25"/>
</record>

<!-- Create inventory on Rental In for these products -->
<record id="rental_inventory" model="stock.inventory">
    <field name="name">Inventory for rented products</field>
</record>

<function model="stock.inventory" name="create_demo_and_validate">
    <function eval="[[('id', '=', ref('rental_inventory'))]]" model="stock.inventory" name="search"/>
</function>

<record id="base.user_demo" model="res.users">
    <field name="groups_id" eval="[(4, ref('product.group_product_variant'))]"/>
</record>

</odoo>
